{"loss": [NaN, NaN, NaN, NaN, NaN, 3.883497262127185, 6.138172362900265, 4.00525369577128, 4.583208698714637, 6.250201943927573, 5.094012837268804, 6.402736454852173, 4.256347991338297, 4.5123899632599205, 7.165254936545738, 5.611539445393178, 4.376848852742584, 3.776273472020562, 8.603828426382758, 4.41647859808861, 6.647389631600756, 4.5035918834209445, 4.172382589373537, 6.640495239930638, 3.1019885637078968, 4.92496709057263, 3.5549500837490657], "mean_absolute_error": [NaN, NaN, NaN, NaN, NaN, 4.721614824401008, 5.5116992706560906, 4.819143224170563, 5.014686911041032, 5.5798702015657655, 5.1767152723513155, 7.143652509569889, 8.180010417596298, 8.239085785113275, 9.144260679657135, 8.643682077968311, 9.103227387512884, 11.16810920127738, 12.767677218504627, 11.374392796965207, 12.142987020392168, 11.403292959213257, 13.194882479021626, 15.058474657899243, 13.885432615734281, 14.481185445680723, 14.03206874320661], "mean_q": [NaN, NaN, NaN, NaN, NaN, -4.446649311987496, -4.661527085243594, -4.695395650373986, -4.747950895844263, -4.716551176046125, -4.7014115760200905, -6.95253456362073, -9.569265018324224, -9.540722597390413, -9.562503375400052, -9.585322099829046, -10.846160398375604, -14.244133781395798, -14.25217821140482, -14.24207878814024, -14.294575897016024, -14.250164501190186, -17.09475117139919, -18.659260184077894, -18.66417058672224, -18.651493080893715, -18.65811968168331], "episode_reward": [-18215.0, -21901.0, -13006.0, -18171.0, -15090.0, -17198.0, -12354.0, -16586.0, -18104.0, -17089.0, -16100.0, -17631.0, -15607.0, -19234.0, -19450.0, -15678.0, -15805.0, -17239.0, -18406.0, -14606.0, -15616.0, -19971.0, -17330.0, -17814.0, -18465.0, -18634.0, -16469.0], "nb_episode_steps": [1961, 2470, 1409, 1854, 1314, 1752, 1569, 1636, 1612, 1828, 1522, 2045, 1426, 2050, 2385, 1758, 1983, 1635, 1983, 1630, 1520, 2000, 1861, 1888, 2098, 1823, 1796], "nb_steps": [1961, 4431, 5840, 7694, 9008, 10760, 12329, 13965, 15577, 17405, 18927, 20972, 22398, 24448, 26833, 28591, 30574, 32209, 34192, 35822, 37342, 39342, 41203, 43091, 45189, 47012, 48808], "episode": [0, 1, 2, 3, 4, 5, 6, 7, 8, 9, 10, 11, 12, 13, 14, 15, 16, 17, 18, 19, 20, 21, 22, 23, 24, 25, 26], "duration": [19.700512216892093, 22.343785374891013, 6.339426443912089, 7.155832014046609, 4.9858297479804605, 24.13664262392558, 38.376458493992686, 37.2824712828733, 44.2631755459588, 51.698907556943595, 43.08966324105859, 51.46674427785911, 40.907103513833135, 58.712079657940194, 68.41513692797162, 51.04064854583703, 56.936945569003, 46.10844565392472, 54.839910646900535, 44.894799050176516, 41.49190966808237, 54.22435293812305, 51.42565730190836, 52.64986651809886, 58.17753049591556, 47.98192222905345, 44.50837673898786]}